data_analisi,classe,anomaly_score
2025-03-01,Esc,0
2025-03-01,ExtraResCom_Lav,0
2025-03-01,ResAA_Lav,1
2025-03-01,ResAA_NonLav,0
2025-03-01,ResCom_Lav,0
2025-03-01,ResCom_NonLav,0
2025-03-01,Tran,0
2025-03-01,Tur,0
2025-03-02,Esc,0
2025-03-02,ExtraResCom_Lav,0
2025-03-02,ResAA_Lav,1
2025-03-02,ResAA_NonLav,0
2025-03-02,ResCom_Lav,0
2025-03-02,ResCom_NonLav,0
2025-03-02,Tran,0
2025-03-02,Tur,0
2025-03-03,Esc,0
2025-03-03,ExtraResCom_Lav,0
2025-03-03,ResAA_Lav,1
2025-03-03,ResAA_NonLav,0
2025-03-03,ResCom_Lav,0
2025-03-03,ResCom_NonLav,0
2025-03-03,Tran,0
2025-03-03,Tur,0
2025-03-04,Esc,0
2025-03-04,ExtraResCom_Lav,1
2025-03-04,ResAA_Lav,1
2025-03-04,ResAA_NonLav,1
2025-03-04,ResCom_Lav,0
2025-03-04,ResCom_NonLav,0
2025-03-04,Tran,0
2025-03-04,Tur,0
2025-03-05,Esc,0
2025-03-05,ExtraResCom_Lav,0
2025-03-05,ResAA_Lav,1
2025-03-05,ResAA_NonLav,0
2025-03-05,ResCom_Lav,0
2025-03-05,ResCom_NonLav,0
2025-03-05,Tran,0
2025-03-05,Tur,0
2025-03-06,Esc,0
2025-03-06,ExtraResCom_Lav,1
2025-03-06,ResAA_Lav,1
2025-03-06,ResAA_NonLav,0
2025-03-06,ResCom_Lav,0
2025-03-06,ResCom_NonLav,0
2025-03-06,Tran,0
2025-03-06,Tur,0
2025-03-07,Esc,0
2025-03-07,ExtraResCom_Lav,0
2025-03-07,ResAA_Lav,1
2025-03-07,ResAA_NonLav,0
2025-03-07,ResCom_Lav,0
2025-03-07,ResCom_NonLav,0
2025-03-07,Tran,0
2025-03-07,Tur,0
2025-03-08,Esc,0
2025-03-08,ExtraResCom_Lav,0
2025-03-08,ResAA_Lav,1
2025-03-08,ResAA_NonLav,0
2025-03-08,ResCom_Lav,0
2025-03-08,ResCom_NonLav,0
2025-03-08,Tran,0
2025-03-08,Tur,0
2025-03-09,Esc,0
2025-03-09,ExtraResCom_Lav,0
2025-03-09,ResAA_Lav,1
2025-03-09,ResAA_NonLav,0
2025-03-09,ResCom_Lav,0
2025-03-09,ResCom_NonLav,0
2025-03-09,Tran,0
2025-03-09,Tur,0
2025-03-10,Esc,0
2025-03-10,ExtraResCom_Lav,0
2025-03-10,ResAA_Lav,1
2025-03-10,ResAA_NonLav,0
2025-03-10,ResCom_Lav,0
2025-03-10,ResCom_NonLav,0
2025-03-10,Tran,0
2025-03-10,Tur,0
2025-03-11,Esc,0
2025-03-11,ExtraResCom_Lav,0
2025-03-11,ResAA_Lav,1
2025-03-11,ResAA_NonLav,0
2025-03-11,ResCom_Lav,1
2025-03-11,ResCom_NonLav,0
2025-03-11,Tran,0
2025-03-11,Tur,0
2025-03-12,Esc,0
2025-03-12,ExtraResCom_Lav,0
2025-03-12,ResAA_Lav,1
2025-03-12,ResAA_NonLav,0
2025-03-12,ResCom_Lav,1
2025-03-12,ResCom_NonLav,0
2025-03-12,Tran,0
2025-03-12,Tur,0
2025-03-13,Esc,0
2025-03-13,ExtraResCom_Lav,0
2025-03-13,ResAA_Lav,1
2025-03-13,ResAA_NonLav,0
2025-03-13,ResCom_Lav,1
2025-03-13,ResCom_NonLav,0
2025-03-13,Tran,0
2025-03-13,Tur,0
2025-03-14,Esc,0
2025-03-14,ExtraResCom_Lav,0
2025-03-14,ResAA_Lav,1
2025-03-14,ResAA_NonLav,0
2025-03-14,ResCom_Lav,0
2025-03-14,ResCom_NonLav,0
2025-03-14,Tran,0
2025-03-14,Tur,0
2025-03-15,Esc,0
2025-03-15,ExtraResCom_Lav,0
2025-03-15,ResAA_Lav,1
2025-03-15,ResAA_NonLav,1
2025-03-15,ResCom_Lav,0
2025-03-15,ResCom_NonLav,0
2025-03-15,Tran,0
2025-03-15,Tur,0
2025-03-16,Esc,0
2025-03-16,ExtraResCom_Lav,0
2025-03-16,ResAA_Lav,1
2025-03-16,ResAA_NonLav,1
2025-03-16,ResCom_Lav,1
2025-03-16,ResCom_NonLav,0
2025-03-16,Tran,0
2025-03-16,Tur,0
2025-03-17,Esc,0
2025-03-17,ExtraResCom_Lav,0
2025-03-17,ResAA_Lav,1
2025-03-17,ResAA_NonLav,0
2025-03-17,ResCom_Lav,0
2025-03-17,ResCom_NonLav,0
2025-03-17,Tran,0
2025-03-17,Tur,0
2025-03-18,Esc,0
2025-03-18,ExtraResCom_Lav,0
2025-03-18,ResAA_Lav,1
2025-03-18,ResAA_NonLav,0
2025-03-18,ResCom_Lav,0
2025-03-18,ResCom_NonLav,0
2025-03-18,Tran,0
2025-03-18,Tur,0
2025-03-19,Esc,0
2025-03-19,ExtraResCom_Lav,0
2025-03-19,ResAA_Lav,1
2025-03-19,ResAA_NonLav,0
2025-03-19,ResCom_Lav,0
2025-03-19,ResCom_NonLav,0
2025-03-19,Tran,0
2025-03-19,Tur,0
2025-03-20,Esc,0
2025-03-20,ExtraResCom_Lav,0
2025-03-20,ResAA_Lav,1
2025-03-20,ResAA_NonLav,0
2025-03-20,ResCom_Lav,0
2025-03-20,ResCom_NonLav,0
2025-03-20,Tran,0
2025-03-20,Tur,0
2025-03-21,Esc,0
2025-03-21,ExtraResCom_Lav,0
2025-03-21,ResAA_Lav,1
2025-03-21,ResAA_NonLav,1
2025-03-21,ResCom_Lav,1
2025-03-21,ResCom_NonLav,0
2025-03-21,Tran,0
2025-03-21,Tur,0
2025-03-22,Esc,0
2025-03-22,ExtraResCom_Lav,0
2025-03-22,ResAA_Lav,1
2025-03-22,ResAA_NonLav,1
2025-03-22,ResCom_Lav,0
2025-03-22,ResCom_NonLav,0
2025-03-22,Tran,0
2025-03-22,Tur,0
2025-03-23,Esc,0
2025-03-23,ExtraResCom_Lav,0
2025-03-23,ResAA_Lav,1
2025-03-23,ResAA_NonLav,1
2025-03-23,ResCom_Lav,0
2025-03-23,ResCom_NonLav,0
2025-03-23,Tran,0
2025-03-23,Tur,0
2025-03-24,Esc,0
2025-03-24,ExtraResCom_Lav,0
2025-03-24,ResAA_Lav,0
2025-03-24,ResAA_NonLav,0
2025-03-24,ResCom_Lav,0
2025-03-24,ResCom_NonLav,0
2025-03-24,Tran,0
2025-03-24,Tur,0
2025-03-25,Esc,1
2025-03-25,ExtraResCom_Lav,0
2025-03-25,ResAA_Lav,1
2025-03-25,ResAA_NonLav,0
2025-03-25,ResCom_Lav,0
2025-03-25,ResCom_NonLav,0
2025-03-25,Tran,0
2025-03-25,Tur,0
2025-03-26,Esc,0
2025-03-26,ExtraResCom_Lav,0
2025-03-26,ResAA_Lav,0
2025-03-26,ResAA_NonLav,0
2025-03-26,ResCom_Lav,0
2025-03-26,ResCom_NonLav,0
2025-03-26,Tran,0
2025-03-26,Tur,0
2025-03-27,Esc,0
2025-03-27,ExtraResCom_Lav,0
2025-03-27,ResAA_Lav,0
2025-03-27,ResAA_NonLav,0
2025-03-27,ResCom_Lav,0
2025-03-27,ResCom_NonLav,0
2025-03-27,Tran,0
2025-03-27,Tur,0
2025-03-28,Esc,0
2025-03-28,ExtraResCom_Lav,0
2025-03-28,ResAA_Lav,0
2025-03-28,ResAA_NonLav,1
2025-03-28,ResCom_Lav,0
2025-03-28,ResCom_NonLav,0
2025-03-28,Tran,0
2025-03-28,Tur,0
2025-03-29,Esc,0
2025-03-29,ExtraResCom_Lav,0
2025-03-29,ResAA_Lav,0
2025-03-29,ResAA_NonLav,1
2025-03-29,ResCom_Lav,0
2025-03-29,ResCom_NonLav,0
2025-03-29,Tran,0
2025-03-29,Tur,0
2025-03-30,Esc,0
2025-03-30,ExtraResCom_Lav,0
2025-03-30,ResAA_Lav,0
2025-03-30,ResAA_NonLav,1
2025-03-30,ResCom_Lav,0
2025-03-30,ResCom_NonLav,0
2025-03-30,Tran,0
2025-03-30,Tur,0
2025-03-31,Esc,0
2025-03-31,ExtraResCom_Lav,0
2025-03-31,ResAA_Lav,1
2025-03-31,ResAA_NonLav,1
2025-03-31,ResCom_Lav,0
2025-03-31,ResCom_NonLav,0
2025-03-31,Tran,0
2025-03-31,Tur,0
2025-05-01,Esc,3
2025-05-01,ExtraResCom_Lav,0
2025-05-01,ResAA_Lav,0
2025-05-01,ResAA_NonLav,0
2025-05-01,ResCom_Lav,0
2025-05-01,ResCom_NonLav,0
2025-05-01,Tran,2
2025-05-01,Tur,0
2025-05-02,Esc,0
2025-05-02,ExtraResCom_Lav,0
2025-05-02,ResAA_Lav,0
2025-05-02,ResAA_NonLav,0
2025-05-02,ResCom_Lav,0
2025-05-02,ResCom_NonLav,0
2025-05-02,Tran,0
2025-05-02,Tur,0
2025-05-03,Esc,2
2025-05-03,ExtraResCom_Lav,0
2025-05-03,ResAA_Lav,0
2025-05-03,ResAA_NonLav,0
2025-05-03,ResCom_Lav,0
2025-05-03,ResCom_NonLav,0
2025-05-03,Tran,0
2025-05-03,Tur,0
2025-05-04,Esc,0
2025-05-04,ExtraResCom_Lav,0
2025-05-04,ResAA_Lav,0
2025-05-04,ResAA_NonLav,0
2025-05-04,ResCom_Lav,0
2025-05-04,ResCom_NonLav,0
2025-05-04,Tran,0
2025-05-04,Tur,0
2025-05-05,Esc,0
2025-05-05,ExtraResCom_Lav,0
2025-05-05,ResAA_Lav,0
2025-05-05,ResAA_NonLav,0
2025-05-05,ResCom_Lav,0
2025-05-05,ResCom_NonLav,0
2025-05-05,Tran,0
2025-05-05,Tur,0
2025-05-06,Esc,0
2025-05-06,ExtraResCom_Lav,0
2025-05-06,ResAA_Lav,0
2025-05-06,ResAA_NonLav,1
2025-05-06,ResCom_Lav,0
2025-05-06,ResCom_NonLav,0
2025-05-06,Tran,0
2025-05-06,Tur,0
2025-05-07,Esc,0
2025-05-07,ExtraResCom_Lav,0
2025-05-07,ResAA_Lav,0
2025-05-07,ResAA_NonLav,0
2025-05-07,ResCom_Lav,0
2025-05-07,ResCom_NonLav,0
2025-05-07,Tran,0
2025-05-07,Tur,0
2025-05-08,Esc,0
2025-05-08,ExtraResCom_Lav,0
2025-05-08,ResAA_Lav,0
2025-05-08,ResAA_NonLav,0
2025-05-08,ResCom_Lav,0
2025-05-08,ResCom_NonLav,0
2025-05-08,Tran,0
2025-05-08,Tur,0
2025-05-09,Esc,0
2025-05-09,ExtraResCom_Lav,0
2025-05-09,ResAA_Lav,0
2025-05-09,ResAA_NonLav,0
2025-05-09,ResCom_Lav,0
2025-05-09,ResCom_NonLav,0
2025-05-09,Tran,0
2025-05-09,Tur,0
2025-05-10,Esc,0
2025-05-10,ExtraResCom_Lav,0
2025-05-10,ResAA_Lav,0
2025-05-10,ResAA_NonLav,0
2025-05-10,ResCom_Lav,0
2025-05-10,ResCom_NonLav,0
2025-05-10,Tran,0
2025-05-10,Tur,0
2025-05-11,Esc,1
2025-05-11,ExtraResCom_Lav,0
2025-05-11,ResAA_Lav,0
2025-05-11,ResAA_NonLav,0
2025-05-11,ResCom_Lav,0
2025-05-11,ResCom_NonLav,0
2025-05-11,Tran,0
2025-05-11,Tur,0
2025-05-12,Esc,0
2025-05-12,ExtraResCom_Lav,0
2025-05-12,ResAA_Lav,0
2025-05-12,ResAA_NonLav,0
2025-05-12,ResCom_Lav,0
2025-05-12,ResCom_NonLav,0
2025-05-12,Tran,0
2025-05-12,Tur,0
2025-05-13,Esc,0
2025-05-13,ExtraResCom_Lav,1
2025-05-13,ResAA_Lav,0
2025-05-13,ResAA_NonLav,0
2025-05-13,ResCom_Lav,0
2025-05-13,ResCom_NonLav,0
2025-05-13,Tran,0
2025-05-13,Tur,0
2025-05-14,Esc,1
2025-05-14,ExtraResCom_Lav,0
2025-05-14,ResAA_Lav,0
2025-05-14,ResAA_NonLav,0
2025-05-14,ResCom_Lav,0
2025-05-14,ResCom_NonLav,1
2025-05-14,Tran,1
2025-05-14,Tur,1
2025-05-15,Esc,0
2025-05-15,ExtraResCom_Lav,1
2025-05-15,ResAA_Lav,0
2025-05-15,ResAA_NonLav,0
2025-05-15,ResCom_Lav,0
2025-05-15,ResCom_NonLav,1
2025-05-15,Tran,2
2025-05-15,Tur,2
2025-05-16,Esc,3
2025-05-16,ExtraResCom_Lav,0
2025-05-16,ResAA_Lav,0
2025-05-16,ResAA_NonLav,0
2025-05-16,ResCom_Lav,0
2025-05-16,ResCom_NonLav,1
2025-05-16,Tran,0
2025-05-16,Tur,3
2025-05-17,Esc,2
2025-05-17,ExtraResCom_Lav,0
2025-05-17,ResAA_Lav,0
2025-05-17,ResAA_NonLav,0
2025-05-17,ResCom_Lav,0
2025-05-17,ResCom_NonLav,1
2025-05-17,Tran,0
2025-05-17,Tur,3
2025-05-18,Esc,2
2025-05-18,ExtraResCom_Lav,0
2025-05-18,ResAA_Lav,0
2025-05-18,ResAA_NonLav,0
2025-05-18,ResCom_Lav,1
2025-05-18,ResCom_NonLav,1
2025-05-18,Tran,3
2025-05-18,Tur,3
2025-05-19,Esc,0
2025-05-19,ExtraResCom_Lav,0
2025-05-19,ResAA_Lav,0
2025-05-19,ResAA_NonLav,0
2025-05-19,ResCom_Lav,0
2025-05-19,ResCom_NonLav,2
2025-05-19,Tran,0
2025-05-19,Tur,1
2025-05-20,Esc,0
2025-05-20,ExtraResCom_Lav,0
2025-05-20,ResAA_Lav,0
2025-05-20,ResAA_NonLav,0
2025-05-20,ResCom_Lav,0
2025-05-20,ResCom_NonLav,1
2025-05-20,Tran,1
2025-05-20,Tur,0
2025-05-21,Esc,2
2025-05-21,ExtraResCom_Lav,0
2025-05-21,ResAA_Lav,0
2025-05-21,ResAA_NonLav,0
2025-05-21,ResCom_Lav,0
2025-05-21,ResCom_NonLav,1
2025-05-21,Tran,0
2025-05-21,Tur,0
2025-05-22,Esc,0
2025-05-22,ExtraResCom_Lav,0
2025-05-22,ResAA_Lav,0
2025-05-22,ResAA_NonLav,0
2025-05-22,ResCom_Lav,0
2025-05-22,ResCom_NonLav,1
2025-05-22,Tran,0
2025-05-22,Tur,0
2025-05-23,Esc,0
2025-05-23,ExtraResCom_Lav,0
2025-05-23,ResAA_Lav,0
2025-05-23,ResAA_NonLav,0
2025-05-23,ResCom_Lav,0
2025-05-23,ResCom_NonLav,1
2025-05-23,Tran,0
2025-05-23,Tur,0
2025-05-24,Esc,0
2025-05-24,ExtraResCom_Lav,0
2025-05-24,ResAA_Lav,0
2025-05-24,ResAA_NonLav,0
2025-05-24,ResCom_Lav,1
2025-05-24,ResCom_NonLav,1
2025-05-24,Tran,0
2025-05-24,Tur,0
2025-05-25,Esc,0
2025-05-25,ExtraResCom_Lav,0
2025-05-25,ResAA_Lav,0
2025-05-25,ResAA_NonLav,1
2025-05-25,ResCom_Lav,1
2025-05-25,ResCom_NonLav,1
2025-05-25,Tran,0
2025-05-25,Tur,0
2025-05-26,Esc,1
2025-05-26,ExtraResCom_Lav,0
2025-05-26,ResAA_Lav,0
2025-05-26,ResAA_NonLav,1
2025-05-26,ResCom_Lav,0
2025-05-26,ResCom_NonLav,1
2025-05-26,Tran,0
2025-05-26,Tur,0
2025-05-27,Esc,0
2025-05-27,ExtraResCom_Lav,0
2025-05-27,ResAA_Lav,0
2025-05-27,ResAA_NonLav,1
2025-05-27,ResCom_Lav,0
2025-05-27,ResCom_NonLav,1
2025-05-27,Tran,1
2025-05-27,Tur,0
2025-05-28,Esc,0
2025-05-28,ExtraResCom_Lav,0
2025-05-28,ResAA_Lav,0
2025-05-28,ResAA_NonLav,1
2025-05-28,ResCom_Lav,0
2025-05-28,ResCom_NonLav,1
2025-05-28,Tran,2
2025-05-28,Tur,0
2025-05-29,Esc,0
2025-05-29,ExtraResCom_Lav,0
2025-05-29,ResAA_Lav,0
2025-05-29,ResAA_NonLav,0
2025-05-29,ResCom_Lav,0
2025-05-29,ResCom_NonLav,1
2025-05-29,Tran,0
2025-05-29,Tur,0
2025-05-30,Esc,0
2025-05-30,ExtraResCom_Lav,0
2025-05-30,ResAA_Lav,0
2025-05-30,ResAA_NonLav,0
2025-05-30,ResCom_Lav,0
2025-05-30,ResCom_NonLav,1
2025-05-30,Tran,3
2025-05-30,Tur,0
2025-05-31,Esc,0
2025-05-31,ExtraResCom_Lav,0
2025-05-31,ResAA_Lav,0
2025-05-31,ResAA_NonLav,0
2025-05-31,ResCom_Lav,0
2025-05-31,ResCom_NonLav,1
2025-05-31,Tran,2
2025-05-31,Tur,0
2025-08-01,Esc,0
2025-08-01,ExtraResCom_Lav,1
2025-08-01,ResAA_Lav,0
2025-08-01,ResAA_NonLav,0
2025-08-01,ResCom_Lav,0
2025-08-01,ResCom_NonLav,0
2025-08-01,Tran,0
2025-08-01,Tur,0
2025-08-02,Esc,0
2025-08-02,ExtraResCom_Lav,0
2025-08-02,ResAA_Lav,0
2025-08-02,ResAA_NonLav,0
2025-08-02,ResCom_Lav,0
2025-08-02,ResCom_NonLav,0
2025-08-02,Tran,0
2025-08-02,Tur,0
2025-08-03,Esc,0
2025-08-03,ExtraResCom_Lav,0
2025-08-03,ResAA_Lav,0
2025-08-03,ResAA_NonLav,0
2025-08-03,ResCom_Lav,0
2025-08-03,ResCom_NonLav,0
2025-08-03,Tran,0
2025-08-03,Tur,0
2025-08-04,Esc,2
2025-08-04,ExtraResCom_Lav,1
2025-08-04,ResAA_Lav,0
2025-08-04,ResAA_NonLav,0
2025-08-04,ResCom_Lav,0
2025-08-04,ResCom_NonLav,0
2025-08-04,Tran,2
2025-08-04,Tur,0
2025-08-05,Esc,0
2025-08-05,ExtraResCom_Lav,0
2025-08-05,ResAA_Lav,0
2025-08-05,ResAA_NonLav,0
2025-08-05,ResCom_Lav,0
2025-08-05,ResCom_NonLav,0
2025-08-05,Tran,0
2025-08-05,Tur,0
2025-08-06,Esc,0
2025-08-06,ExtraResCom_Lav,0
2025-08-06,ResAA_Lav,0
2025-08-06,ResAA_NonLav,0
2025-08-06,ResCom_Lav,0
2025-08-06,ResCom_NonLav,0
2025-08-06,Tran,0
2025-08-06,Tur,0
2025-08-07,Esc,0
2025-08-07,ExtraResCom_Lav,0
2025-08-07,ResAA_Lav,0
2025-08-07,ResAA_NonLav,0
2025-08-07,ResCom_Lav,0
2025-08-07,ResCom_NonLav,0
2025-08-07,Tran,0
2025-08-07,Tur,0
2025-08-08,Esc,0
2025-08-08,ExtraResCom_Lav,0
2025-08-08,ResAA_Lav,0
2025-08-08,ResAA_NonLav,0
2025-08-08,ResCom_Lav,0
2025-08-08,ResCom_NonLav,0
2025-08-08,Tran,0
2025-08-08,Tur,0
2025-08-09,Esc,0
2025-08-09,ExtraResCom_Lav,0
2025-08-09,ResAA_Lav,0
2025-08-09,ResAA_NonLav,0
2025-08-09,ResCom_Lav,0
2025-08-09,ResCom_NonLav,0
2025-08-09,Tran,1
2025-08-09,Tur,0
2025-08-10,Esc,0
2025-08-10,ExtraResCom_Lav,0
2025-08-10,ResAA_Lav,0
2025-08-10,ResAA_NonLav,0
2025-08-10,ResCom_Lav,0
2025-08-10,ResCom_NonLav,0
2025-08-10,Tran,0
2025-08-10,Tur,0
2025-08-11,Esc,0
2025-08-11,ExtraResCom_Lav,0
2025-08-11,ResAA_Lav,0
2025-08-11,ResAA_NonLav,0
2025-08-11,ResCom_Lav,0
2025-08-11,ResCom_NonLav,0
2025-08-11,Tran,1
2025-08-11,Tur,0
2025-08-12,Esc,0
2025-08-12,ExtraResCom_Lav,0
2025-08-12,ResAA_Lav,0
2025-08-12,ResAA_NonLav,0
2025-08-12,ResCom_Lav,0
2025-08-12,ResCom_NonLav,0
2025-08-12,Tran,0
2025-08-12,Tur,0
2025-08-13,Esc,0
2025-08-13,ExtraResCom_Lav,0
2025-08-13,ResAA_Lav,0
2025-08-13,ResAA_NonLav,0
2025-08-13,ResCom_Lav,0
2025-08-13,ResCom_NonLav,0
2025-08-13,Tran,0
2025-08-13,Tur,0
2025-08-14,Esc,0
2025-08-14,ExtraResCom_Lav,0
2025-08-14,ResAA_Lav,0
2025-08-14,ResAA_NonLav,0
2025-08-14,ResCom_Lav,0
2025-08-14,ResCom_NonLav,0
2025-08-14,Tran,0
2025-08-14,Tur,0
2025-08-15,Esc,0
2025-08-15,ExtraResCom_Lav,0
2025-08-15,ResAA_Lav,0
2025-08-15,ResAA_NonLav,0
2025-08-15,ResCom_Lav,0
2025-08-15,ResCom_NonLav,0
2025-08-15,Tran,0
2025-08-15,Tur,0
2025-08-16,Esc,0
2025-08-16,ExtraResCom_Lav,0
2025-08-16,ResAA_Lav,0
2025-08-16,ResAA_NonLav,0
2025-08-16,ResCom_Lav,0
2025-08-16,ResCom_NonLav,0
2025-08-16,Tran,0
2025-08-16,Tur,0
2025-08-17,Esc,0
2025-08-17,ExtraResCom_Lav,0
2025-08-17,ResAA_Lav,0
2025-08-17,ResAA_NonLav,0
2025-08-17,ResCom_Lav,0
2025-08-17,ResCom_NonLav,0
2025-08-17,Tran,0
2025-08-17,Tur,0
2025-08-18,Esc,0
2025-08-18,ExtraResCom_Lav,0
2025-08-18,ResAA_Lav,0
2025-08-18,ResAA_NonLav,0
2025-08-18,ResCom_Lav,0
2025-08-18,ResCom_NonLav,0
2025-08-18,Tran,1
2025-08-18,Tur,0
2025-08-19,Esc,0
2025-08-19,ExtraResCom_Lav,0
2025-08-19,ResAA_Lav,0
2025-08-19,ResAA_NonLav,0
2025-08-19,ResCom_Lav,0
2025-08-19,ResCom_NonLav,0
2025-08-19,Tran,0
2025-08-19,Tur,0
2025-08-20,Esc,0
2025-08-20,ExtraResCom_Lav,0
2025-08-20,ResAA_Lav,0
2025-08-20,ResAA_NonLav,0
2025-08-20,ResCom_Lav,0
2025-08-20,ResCom_NonLav,0
2025-08-20,Tran,0
2025-08-20,Tur,0
2025-08-21,Esc,0
2025-08-21,ExtraResCom_Lav,0
2025-08-21,ResAA_Lav,0
2025-08-21,ResAA_NonLav,0
2025-08-21,ResCom_Lav,0
2025-08-21,ResCom_NonLav,0
2025-08-21,Tran,0
2025-08-21,Tur,0
2025-08-22,Esc,0
2025-08-22,ExtraResCom_Lav,0
2025-08-22,ResAA_Lav,0
2025-08-22,ResAA_NonLav,0
2025-08-22,ResCom_Lav,0
2025-08-22,ResCom_NonLav,0
2025-08-22,Tran,0
2025-08-22,Tur,0
2025-08-23,Esc,0
2025-08-23,ExtraResCom_Lav,0
2025-08-23,ResAA_Lav,0
2025-08-23,ResAA_NonLav,0
2025-08-23,ResCom_Lav,0
2025-08-23,ResCom_NonLav,0
2025-08-23,Tran,0
2025-08-23,Tur,0
2025-08-24,Esc,0
2025-08-24,ExtraResCom_Lav,0
2025-08-24,ResAA_Lav,0
2025-08-24,ResAA_NonLav,0
2025-08-24,ResCom_Lav,0
2025-08-24,ResCom_NonLav,0
2025-08-24,Tran,0
2025-08-24,Tur,0
2025-08-25,Esc,1
2025-08-25,ExtraResCom_Lav,0
2025-08-25,ResAA_Lav,0
2025-08-25,ResAA_NonLav,0
2025-08-25,ResCom_Lav,0
2025-08-25,ResCom_NonLav,0
2025-08-25,Tran,0
2025-08-25,Tur,0
2025-08-26,Esc,0
2025-08-26,ExtraResCom_Lav,0
2025-08-26,ResAA_Lav,0
2025-08-26,ResAA_NonLav,0
2025-08-26,ResCom_Lav,0
2025-08-26,ResCom_NonLav,0
2025-08-26,Tran,1
2025-08-26,Tur,0
2025-08-27,Esc,0
2025-08-27,ExtraResCom_Lav,0
2025-08-27,ResAA_Lav,0
2025-08-27,ResAA_NonLav,0
2025-08-27,ResCom_Lav,0
2025-08-27,ResCom_NonLav,0
2025-08-27,Tran,0
2025-08-27,Tur,0
2025-08-28,Esc,0
2025-08-28,ExtraResCom_Lav,0
2025-08-28,ResAA_Lav,0
2025-08-28,ResAA_NonLav,0
2025-08-28,ResCom_Lav,0
2025-08-28,ResCom_NonLav,0
2025-08-28,Tran,0
2025-08-28,Tur,0
2025-08-29,Esc,0
2025-08-29,ExtraResCom_Lav,0
2025-08-29,ResAA_Lav,0
2025-08-29,ResAA_NonLav,0
2025-08-29,ResCom_Lav,0
2025-08-29,ResCom_NonLav,0
2025-08-29,Tran,0
2025-08-29,Tur,0
2025-08-30,Esc,0
2025-08-30,ExtraResCom_Lav,0
2025-08-30,ResAA_Lav,0
2025-08-30,ResAA_NonLav,0
2025-08-30,ResCom_Lav,0
2025-08-30,ResCom_NonLav,0
2025-08-30,Tran,0
2025-08-30,Tur,0
2025-08-31,Esc,0
2025-08-31,ExtraResCom_Lav,0
2025-08-31,ResAA_Lav,0
2025-08-31,ResAA_NonLav,0
2025-08-31,ResCom_Lav,0
2025-08-31,ResCom_NonLav,0
2025-08-31,Tran,0
2025-08-31,Tur,0
2025-09-01,Esc,0
2025-09-01,ExtraResCom_Lav,0
2025-09-01,ResAA_Lav,0
2025-09-01,ResAA_NonLav,0
2025-09-01,ResCom_Lav,0
2025-09-01,ResCom_NonLav,0
2025-09-01,Tran,0
2025-09-01,Tur,1
2025-09-02,Esc,0
2025-09-02,ExtraResCom_Lav,0
2025-09-02,ResAA_Lav,0
2025-09-02,ResAA_NonLav,0
2025-09-02,ResCom_Lav,0
2025-09-02,ResCom_NonLav,0
2025-09-02,Tran,1
2025-09-02,Tur,1
2025-09-03,Esc,0
2025-09-03,ExtraResCom_Lav,0
2025-09-03,ResAA_Lav,0
2025-09-03,ResAA_NonLav,0
2025-09-03,ResCom_Lav,0
2025-09-03,ResCom_NonLav,0
2025-09-03,Tran,0
2025-09-03,Tur,1
2025-09-04,Esc,0
2025-09-04,ExtraResCom_Lav,0
2025-09-04,ResAA_Lav,0
2025-09-04,ResAA_NonLav,0
2025-09-04,ResCom_Lav,0
2025-09-04,ResCom_NonLav,0
2025-09-04,Tran,0
2025-09-04,Tur,1
2025-09-05,Esc,0
2025-09-05,ExtraResCom_Lav,0
2025-09-05,ResAA_Lav,0
2025-09-05,ResAA_NonLav,0
2025-09-05,ResCom_Lav,0
2025-09-05,ResCom_NonLav,0
2025-09-05,Tran,0
2025-09-05,Tur,0
2025-09-06,Esc,0
2025-09-06,ExtraResCom_Lav,1
2025-09-06,ResAA_Lav,0
2025-09-06,ResAA_NonLav,0
2025-09-06,ResCom_Lav,0
2025-09-06,ResCom_NonLav,0
2025-09-06,Tran,0
2025-09-06,Tur,0
2025-09-07,Esc,0
2025-09-07,ExtraResCom_Lav,1
2025-09-07,ResAA_Lav,0
2025-09-07,ResAA_NonLav,0
2025-09-07,ResCom_Lav,0
2025-09-07,ResCom_NonLav,0
2025-09-07,Tran,0
2025-09-07,Tur,0
2025-09-08,Esc,0
2025-09-08,ExtraResCom_Lav,0
2025-09-08,ResAA_Lav,0
2025-09-08,ResAA_NonLav,0
2025-09-08,ResCom_Lav,0
2025-09-08,ResCom_NonLav,0
2025-09-08,Tran,0
2025-09-08,Tur,0
2025-09-09,Esc,0
2025-09-09,ExtraResCom_Lav,0
2025-09-09,ResAA_Lav,0
2025-09-09,ResAA_NonLav,0
2025-09-09,ResCom_Lav,0
2025-09-09,ResCom_NonLav,0
2025-09-09,Tran,0
2025-09-09,Tur,1
2025-09-10,Esc,0
2025-09-10,ExtraResCom_Lav,1
2025-09-10,ResAA_Lav,0
2025-09-10,ResAA_NonLav,0
2025-09-10,ResCom_Lav,0
2025-09-10,ResCom_NonLav,0
2025-09-10,Tran,0
2025-09-10,Tur,0
2025-09-11,Esc,0
2025-09-11,ExtraResCom_Lav,0
2025-09-11,ResAA_Lav,0
2025-09-11,ResAA_NonLav,0
2025-09-11,ResCom_Lav,0
2025-09-11,ResCom_NonLav,0
2025-09-11,Tran,0
2025-09-11,Tur,0
2025-09-12,Esc,0
2025-09-12,ExtraResCom_Lav,1
2025-09-12,ResAA_Lav,0
2025-09-12,ResAA_NonLav,0
2025-09-12,ResCom_Lav,0
2025-09-12,ResCom_NonLav,0
2025-09-12,Tran,0
2025-09-12,Tur,0
2025-09-13,Esc,0
2025-09-13,ExtraResCom_Lav,1
2025-09-13,ResAA_Lav,0
2025-09-13,ResAA_NonLav,0
2025-09-13,ResCom_Lav,0
2025-09-13,ResCom_NonLav,0
2025-09-13,Tran,0
2025-09-13,Tur,0
2025-09-14,Esc,0
2025-09-14,ExtraResCom_Lav,2
2025-09-14,ResAA_Lav,0
2025-09-14,ResAA_NonLav,0
2025-09-14,ResCom_Lav,0
2025-09-14,ResCom_NonLav,0
2025-09-14,Tran,0
2025-09-14,Tur,0
2025-09-15,Esc,0
2025-09-15,ExtraResCom_Lav,0
2025-09-15,ResAA_Lav,0
2025-09-15,ResAA_NonLav,0
2025-09-15,ResCom_Lav,0
2025-09-15,ResCom_NonLav,0
2025-09-15,Tran,0
2025-09-15,Tur,1
2025-09-16,Esc,0
2025-09-16,ExtraResCom_Lav,0
2025-09-16,ResAA_Lav,0
2025-09-16,ResAA_NonLav,0
2025-09-16,ResCom_Lav,0
2025-09-16,ResCom_NonLav,0
2025-09-16,Tran,0
2025-09-16,Tur,0
2025-09-17,Esc,1
2025-09-17,ExtraResCom_Lav,0
2025-09-17,ResAA_Lav,0
2025-09-17,ResAA_NonLav,0
2025-09-17,ResCom_Lav,0
2025-09-17,ResCom_NonLav,0
2025-09-17,Tran,0
2025-09-17,Tur,1
2025-09-18,Esc,1
2025-09-18,ExtraResCom_Lav,0
2025-09-18,ResAA_Lav,0
2025-09-18,ResAA_NonLav,0
2025-09-18,ResCom_Lav,0
2025-09-18,ResCom_NonLav,0
2025-09-18,Tran,0
2025-09-18,Tur,1
2025-09-19,Esc,0
2025-09-19,ExtraResCom_Lav,0
2025-09-19,ResAA_Lav,0
2025-09-19,ResAA_NonLav,0
2025-09-19,ResCom_Lav,0
2025-09-19,ResCom_NonLav,0
2025-09-19,Tran,0
2025-09-19,Tur,0
2025-09-20,Esc,0
2025-09-20,ExtraResCom_Lav,0
2025-09-20,ResAA_Lav,0
2025-09-20,ResAA_NonLav,0
2025-09-20,ResCom_Lav,0
2025-09-20,ResCom_NonLav,0
2025-09-20,Tran,0
2025-09-20,Tur,0
2025-09-21,Esc,0
2025-09-21,ExtraResCom_Lav,1
2025-09-21,ResAA_Lav,0
2025-09-21,ResAA_NonLav,0
2025-09-21,ResCom_Lav,0
2025-09-21,ResCom_NonLav,0
2025-09-21,Tran,0
2025-09-21,Tur,0
2025-09-22,Esc,0
2025-09-22,ExtraResCom_Lav,0
2025-09-22,ResAA_Lav,0
2025-09-22,ResAA_NonLav,0
2025-09-22,ResCom_Lav,0
2025-09-22,ResCom_NonLav,0
2025-09-22,Tran,0
2025-09-22,Tur,1
2025-09-23,Esc,1
2025-09-23,ExtraResCom_Lav,0
2025-09-23,ResAA_Lav,0
2025-09-23,ResAA_NonLav,0
2025-09-23,ResCom_Lav,0
2025-09-23,ResCom_NonLav,0
2025-09-23,Tran,0
2025-09-23,Tur,1
2025-09-24,Esc,0
2025-09-24,ExtraResCom_Lav,0
2025-09-24,ResAA_Lav,0
2025-09-24,ResAA_NonLav,0
2025-09-24,ResCom_Lav,0
2025-09-24,ResCom_NonLav,0
2025-09-24,Tran,0
2025-09-24,Tur,1
2025-09-25,Esc,0
2025-09-25,ExtraResCom_Lav,0
2025-09-25,ResAA_Lav,0
2025-09-25,ResAA_NonLav,0
2025-09-25,ResCom_Lav,0
2025-09-25,ResCom_NonLav,0
2025-09-25,Tran,0
2025-09-25,Tur,0
2025-09-26,Esc,0
2025-09-26,ExtraResCom_Lav,0
2025-09-26,ResAA_Lav,0
2025-09-26,ResAA_NonLav,0
2025-09-26,ResCom_Lav,0
2025-09-26,ResCom_NonLav,0
2025-09-26,Tran,0
2025-09-26,Tur,0
2025-09-27,Esc,0
2025-09-27,ExtraResCom_Lav,0
2025-09-27,ResAA_Lav,0
2025-09-27,ResAA_NonLav,0
2025-09-27,ResCom_Lav,0
2025-09-27,ResCom_NonLav,0
2025-09-27,Tran,0
2025-09-27,Tur,0
2025-09-28,Esc,0
2025-09-28,ExtraResCom_Lav,0
2025-09-28,ResAA_Lav,0
2025-09-28,ResAA_NonLav,0
2025-09-28,ResCom_Lav,0
2025-09-28,ResCom_NonLav,0
2025-09-28,Tran,0
2025-09-28,Tur,0
2025-09-29,Esc,0
2025-09-29,ExtraResCom_Lav,0
2025-09-29,ResAA_Lav,0
2025-09-29,ResAA_NonLav,0
2025-09-29,ResCom_Lav,0
2025-09-29,ResCom_NonLav,0
2025-09-29,Tran,0
2025-09-29,Tur,0
2025-09-30,Esc,0
2025-09-30,ExtraResCom_Lav,0
2025-09-30,ResAA_Lav,0
2025-09-30,ResAA_NonLav,0
2025-09-30,ResCom_Lav,0
2025-09-30,ResCom_NonLav,0
2025-09-30,Tran,0
2025-09-30,Tur,1
